{
  "$schema": "https://developer.microsoft.com/json-schemas/spfx-build/package-solution.schema.json",
  "solution": {
    "name": "valo-extend-ui-poc-client-side-solution",
    "id": "d99a1d10-9100-4df5-af53-514fa1e13390",
    "version": "1.0.0.0",
    "includeClientSideAssets": true,
    "skipFeatureDeployment": true,
    "isDomainIsolated": false,
    "features": [
      {
        "title": "Application Extension - Deployment of custom action.",
        "description": "Deploys a custom action with ClientSideComponentId association",
        "id": "27edff1a-a9c2-45cc-9838-1b70caa4925e",
        "version": "1.0.0.0",
        "assets": {
          "elementManifests": [
            "elements.xml",
            "clientsideinstance.xml"
          ]
        }
      }
    ]
  },
  "paths": {
    "zippedPackage": "solution/valo-extend-ui-poc.sppkg"
  }
}
