{
  "$schema": "https://developer.microsoft.com/json-schemas/spfx/client-side-extension-manifest.schema.json",

  "id": "7d190fa2-c4ae-42b2-8537-431bf7bb8b41",
  "alias": "ExtendValoUiApplicationCustomizer",
  "componentType": "Extension",
  "extensionType": "ApplicationCustomizer",

  // The "*" signifies that the version should be taken from the package.json
  "version": "*",
  "manifestVersion": 2,

  // If true, the component can only be installed on sites where Custom Script is allowed.
  // Components that allow authors to embed arbitrary script code should set this to true.
  // https://support.office.com/en-us/article/Turn-scripting-capabilities-on-or-off-1f2c515f-5d7e-448a-9fd7-835da935584f
  "requiresCustomScript": false
}


// o365 spo customaction add -t "custom-valo-ui-extensions" -c 7d190fa2-c4ae-42b2-8537-431bf7bb8b41-u https://valointranetdev.sharepoint.com/sites/coffee-point -l "ClientSideExtension.ApplicationCustomizer"
